"NVP_BID_NR","SVC_GRP_NR"
"P000022997","AHYKJKO"
"P000022997","AHYKJKP"
"P000022997","AHYKJKQ"
"P000022997","AHYKJKR"
"P000022997","AHYKJKS"
"P000022997","AHYKJKT"
"P000022997","AHYKJKU"
"P000022997","AHYKJKV"
"P000022997","AHYKJKW"
"P000022997","AHYKJKX"
"P000022997","AHYKJKY"
"P000022997","AHYKJKZ"
"P000022997","AHYKJLA"
"P000022997","AHYKJLB"
"P000022997","AHYKJLC"
"P000022997","AHYKJLD"
"P000022997","AHYKJLE"
"P000022997","AHYKJLF"
"P000022997","AHYKJLG"
"P000022997","AHYKJLH"
"P000022997","AHYKJLI"
"P000022997","AHYKJLJ"
"P000022997","AHYKJLK"
"P000022997","AHYKJLL"
"P000022997","AHYKJLU"
"P000022997","AHYKJLV"
"P000022997","AHYKJLW"
"P000022997","AHYKJLX"
"P000022997","AHYKJLY"
"P000022997","AHYKJLZ"
"P000022997","AHYKJMA"
"P000022997","AHYKJMB"
"P000022997","AHYKJMC"
"P000022997","AHYKJMD"
"P000022997","AHYKJME"
"P000022997","AHYKJMF"
"P000022997","AHYKJMG"
"P000022997","AHYKJMO"
"P000022997","AHYKJMU"
"P000023012","AHZWBQW"
"P000023012","AHZWBQX"
"P000023012","AHZWBQY"
"P000023012","AHZWBQZ"
"P000023012","AHZWBRB"
"P000023012","AHZWBRC"
"P000023012","AHZWBRD"
"P000023012","AHZWBRE"
"P000023012","AHZWBSE"
"P000023012","AHZWBSF"
"P000023012","AHZWBSO"
"P000023012","AHZWBTY"
"P000023012","AHZWBTZ"
"P000023012","AHZWBVA"
"P000023012","AHZWBVC"
"P000023012","AHZWBVD"
"P000023012","AHZWBVE"
"P000023012","AHZWBVF"
"P000023012","AHZWBVG"
"P000023012","AHZWBVH"
"P000023012","AHZWBVI"
"P000023012","AHZWBVJ"
"P000023012","AHZWBVK"
"P000023012","AHZWBVL"
"P000023012","AHZWBWX"
"P000023012","AHZWBWY"
"P000023012","AHZWBWZ"
"P000023012","AHZWBXA"
"P000023012","AHZWBXC"
"P000023012","AHZWBXD"
"P000023012","AHZWBXE"
"P000023012","AHZWBXF"
"P000023012","AHZWBXG"
"P000023012","AHZWBXH"
"P000023012","AHZWBXI"
"P000023012","AHZWBYY"
"P000023012","AHZWBYZ"
"P000023016","AHZYKBS"
"P000023016","AHZYKBT"
"P000023016","AHZYKBU"
"P000023016","AHZYKBV"
"P000023016","AHZYKBW"
"P000023016","AHZYKBX"
"P000023016","AHZYKBY"
"P000023016","AHZYKBZ"
"P000023016","AHZYKCA"
"P000023016","AHZYKCB"
"P000023016","AHZYKCC"
"P000023016","AHZYKCE"
"P000023016","AHZYKCF"
"P000023016","AHZYKCH"
"P000023016","AHZYKCJ"
"P000023016","AHZYKCK"
"P000023016","AHZYKCL"
"P000023016","AHZYKCM"
"P000023016","AHZYKCT"
"P000023016","AHZYKCU"
"P000023016","AHZYKCY"
"P000023016","AHZYKDB"
"P000023016","AHZYKDC"
"P000023066","AJDNFZK"
"P000023066","AJDNFZL"
"P000023066","AJDNFZM"
"P000023066","AJDNFZN"
"P000023066","AJDNFZO"
"P000023066","AJDNFZP"
"P000023066","AJDNFZQ"
"P000023066","AJDNFZR"
"P000023066","AJDNFZS"
"P000023066","AJDNFZT"
"P000023066","AJDNFZU"
"P000023066","AJDNFZV"
"P000023066","AJDNFZW"
"P000023066","AJDNFZX"
"P000023066","AJDNFZY"
"P000023066","AJDNFZZ"
"P000023066","AJDNGBA"
"P000023066","AJDNGBB"
"P000023066","AJDNGBC"
"P000023066","AJDNGBD"
"P000023066","AJDNGBE"
"P000023066","AJDNGBF"
"P000023066","AJDNGBG"
"P000023066","AJDNGBH"
"P000023066","AJDNGBI"
"P000023066","AJDNGBJ"
"P000023066","AJDNGBK"
"P000023066","AJDNGBL"
"P000023066","AJDNGBM"
"P000023066","AJDNGBN"
"P000023066","AJDNGBO"
"P000023066","AJDNGBP"
"P000023066","AJDNGBQ"
"P000023066","AJDNGBR"
"P000023066","AJDNGBS"
"P000023066","AJDNGBT"
"P000023066","AJDNGBU"
"P000023069","AJDWGRP"
"P000023069","AJDWGRQ"
"P000023069","AJDWGRR"
"P000023069","AJDWGRS"
"P000023069","AJDWGRT"
"P000023069","AJDWGRU"
"P000023069","AJDWGRV"
"P000023069","AJDWGRW"
"P000023069","AJDWGRX"
"P000023069","AJDWGRY"
"P000023069","AJDWGRZ"
"P000023069","AJDWGSA"
"P000023069","AJDWGSB"
"P000023069","AJDWGSC"
"P000023069","AJDWGSD"
"P000023069","AJDWGSE"
"P000023069","AJDWGSF"
"P000023069","AJDWGSG"
"P000023069","AJDWGSH"
"P000023069","AJDWGSI"
"P000023069","AJDWGSJ"
"P000023069","AJDWGSK"
"P000023069","AJDWGSL"
"P000023069","AJDWGSM"
"P000023069","AJDWGSY"
"P000023069","AJDWGSZ"
"P000023069","AJDWGZX"
"P000023069","AJDWGZY"
"P000023069","AJDWHBA"
"P000023069","AJDWHBB"
"P000023069","AJDWHBC"
"P000023069","AJDWHBD"
"P000023069","AJDWHBE"
"P000023069","AJDWHBF"
"P000023069","AJDWHBG"
"P000023069","AJDWHBH"
"P000023069","AJDWHBI"
"P010031129","AHSCWHF"
"P010031129","AHSCWHG"
"P010031129","AHSCWHH"
"P010031129","AHSCWHI"
"P010031129","AHSCWHJ"
"P010031129","AHSCWHK"
"P010031129","AHSCWHL"
"P010031129","AHSCWHM"
"P010031129","AHSCWHN"
"P010031129","AHSCWHO"
"P010031129","AHSCWHP"
"P010031129","AHSCWHQ"
"P010031129","AHSCWHR"
"P010031129","AHSCWHS"
"P010031129","AHSCWHT"
"P010031129","AHSCWHU"
"P010031129","AHSCWHV"
"P010031129","AHSCWHW"
"P010031129","AHSCWHX"
"P010031129","AHSCWHY"
"P010031129","AHSCWHZ"
"P010031129","AHSCWJA"
"P010031129","AHSCWJB"
"P010031129","AHSCWJC"
"P010031129","AHSCWJD"
"P010031129","AHSCWJE"
"P010031129","AHSCWJF"
"P010031129","AHSCWJG"
"P010031129","AHSCWJH"
"P010031129","AHSCWJI"
"P010031129","AHSCWJJ"
"P010031129","AHSCWJK"
"P010031129","AHSCWJL"
"P010031129","AHSCWJM"
"P010031129","AHSCWJN"
"P010031129","AHSCWJO"
"P010031129","AHSCWJP"
"P010031180","AHTWJTH"
"P010031180","AHTWJTI"
"P010031180","AHTWJTJ"
"P010031180","AHTWJTK"
"P010031180","AHTWJTL"
"P010031180","AHTWJVX"
"P010031180","AHTWJWA"
"P010031180","AHTWJWB"
"P010031180","AHTWJWC"
"P010031180","AHTWJXZ"
"P010031242","AHXNPZM"
"P010031242","AHXNPZN"
"P010031242","AHXNPZO"
"P010031242","AHXNPZP"
"P010031242","AHXNPZQ"
"P010031242","AHXNPZR"
"P010031242","AHXNPZS"
"P010031242","AHXNPZT"
"P010031242","AHXNPZU"
"P010031242","AHXNPZV"
"P010031242","AHXNPZW"
"P010031242","AHXNPZX"
"P010031242","AHXNPZY"
"P010031242","AHXNPZZ"
"P010031242","AHXNQBA"
"P010031242","AHXNQBB"
"P010031242","AHXNQBC"
"P010031242","AHXNQBD"
"P010031242","AHXNQBE"
"P010031242","AHXNQBF"
"P010031242","AHXNQBG"
"P010031242","AHXNQBH"
"P010031242","AHXNQBI"
"P010031242","AHXNQBJ"
"P010031242","AHXNQBW"
"P010031242","AHXNQBX"
"P010031242","AHXNQBY"
"P010031242","AHXNQCA"
"P010031242","AHXNQCB"
"P010031250","AHYBMQB"
"P010031250","AHYBMQC"
"P010031250","AHYBMQD"
"P010031250","AHYBMQE"
"P010031250","AHYBMQF"
"P010031250","AHYBMQG"
"P010031250","AHYBMQH"
"P010031250","AHYBMQI"
"P010031250","AHYBMQJ"
"P010031250","AHYBMQK"
"P010031250","AHYBMQL"
"P010031250","AHYBMQM"
"P010031250","AHYBMQN"
"P010031250","AHYBMQO"
"P010031250","AHYBMQP"
"P010031250","AHYBMQQ"
"P010031250","AHYBMQR"
"P010031250","AHYBMQS"
"P010031250","AHYBMQT"
"P010031250","AHYBMQU"
"P010031250","AHYBMQV"
"P010031250","AHYBMQW"
"P010031250","AHYBMQX"
"P010031250","AHYBMQY"
"P010031250","AHYBMQZ"
"P010031250","AHYBMRA"
"P010031250","AHYBMRB"
"P010031250","AHYBMRC"
"P010031259","AHYKRSN"
"P010031259","AHYKRSO"
"P010031259","AHYKRSP"
"P010031259","AHYKRSQ"
"P010031259","AHYKRSR"
"P010031259","AHYKRSS"
"P010031259","AHYKRST"
"P010031259","AHYKRSU"
"P010031259","AHYKRSV"
"P010031259","AHYKRSW"
"P010031259","AHYKRTA"
"P010031259","AHYKRTC"
"P010031259","AHYKRTD"
"P010031259","AHYKRTE"
"P010031259","AHYKRTF"
"P010031259","AHYKRTG"
"P010031259","AHYKRTH"
"P010031259","AHYKRTI"
"P010031259","AHYKRTJ"
"P010031259","AHYKRTK"
"P010031259","AHYKRTL"
"P010031259","AHYKRTM"
"P010031259","AHYKRTN"
"P010031259","AHYKRTO"
"P010031259","AHYKRTP"
"P010031259","AHYKRTQ"
"P010031259","AHYKRTR"
"P010031259","AHYKRTS"
"P010031259","AHYKRTT"
"P010031259","AHYKRTU"
"P010031259","AHYKRTV"
"P010031259","AHYKRTW"
"P010031259","AHYKRTX"
"P010031259","AHYKRTY"
"P010031259","AHYKRTZ"
"P010031259","AHYKRVA"
"P010031259","AHYKRVB"
"P010031259","AHYKRVC"
"P010031259","AHYKRVH"
"P010031274","AHYSHFP"
"P010031274","AHYSHFQ"
"P010031274","AHYSHFR"
"P010031274","AHYSHFS"
"P010031274","AHYSHFT"
"P010031274","AHYSHFU"
"P010031274","AHYSHFV"
"P010031274","AHYSHFW"
"P010031274","AHYSHFX"
"P010031274","AHYSHFY"
"P010031274","AHYSHFZ"
"P010031274","AHYSHGA"
"P010031274","AHYSHGB"
"P010031274","AHYSHGC"
"P010031274","AHYSHGD"
"P010031274","AHYSHGE"
"P010031274","AHYSHGF"
"P010031274","AHYSHGG"
"P010031274","AHYSHGH"
"P010031274","AHYSHGI"
"P010031274","AHYSHGJ"
"P010031274","AHYSHGK"
"P010031274","AHYSHGL"
"P010031274","AHYSHGM"
"P010031274","AHYSHGN"
"P010031274","AHYSHGO"
"P010031274","AHYSHGP"
"P010031274","AHYSHGQ"
"P010031274","AHYSHGR"
"P010031274","AHYSHGS"
"P010031274","AHYSHGT"
"P010031274","AHYSHGU"
"P010031274","AHYSHGV"
"P010031274","AHYSHGW"
"P010031274","AHYSHGX"
"P010031274","AHYSHGY"
"P010031274","AHYSHGZ"
"P010031324","AJBSPCP"
"P010031324","AJBSPCQ"
"P010031324","AJBSPCR"
"P010031324","AJBSPCS"
"P010031324","AJBSPCW"
"P010031324","AJBSPCX"
"P010031324","AJBSPCY"
"P010031324","AJBSPCZ"
"P010031324","AJBSPDI"
"P010031324","AJBSPDJ"
"P010031324","AJBSPDK"
"P010031324","AJBSPDL"
"P010031324","AJBSPDM"
"P010031324","AJBSPDN"
"P010031324","AJBSPDO"
"P010031324","AJBSPDP"
"P010031324","AJBSPDQ"
"P010031324","AJBSPDR"
"P010031324","AJBSPDS"
"P010031324","AJBSPDT"
"P010031324","AJBSPDU"
"P010031324","AJBSPDV"
"P010031324","AJBSPDW"
"P010031324","AJBSPDX"
"P010031324","AJBSPDY"
"P010031324","AJBSPDZ"
"P010031324","AJBSPFA"
"P010031324","AJBSPFB"
"P010031324","AJBSPFC"
"P010031324","AJBSPFD"
"P010031324","AJBSPFE"
"P010031324","AJBSPFF"
"P010031324","AJBSPFG"
"P010031324","AJBSPFH"
"P010031324","AJBSPFI"
"P010031324","AJBSPFJ"
"P010031324","AJBSPFK"
"P010031324","AJBSPFL"
"P010031324","AJBSPFM"
"P010031328","AJCCJJY"
"P010031328","AJCCJJZ"
"P010031328","AJCCJKA"
"P010031328","AJCCJKB"
"P010031328","AJCCJKC"
"P010031328","AJCCJKD"
"P010031328","AJCCJKE"
"P010031328","AJCCJKF"
"P010031328","AJCCJKI"
"P010031328","AJCCJKN"
"P010031328","AJCCJXX"
"P010031328","AJCCJXY"
"P010031328","AJCCJXZ"
"P010031328","AJCCJYA"
"P010031328","AJCCJYB"
"P010031328","AJCCJYC"
"P010031328","AJCCJYD"
"P010031328","AJCCJYE"
"P010031328","AJCCJYF"
"P010031328","AJCCJYG"
"P010031328","AJCCJYH"
"P010031328","AJCCJYI"
"P010031328","AJCCJYJ"
"P010031328","AJCCJYK"
"P010031328","AJCCJYM"
"P010031328","AJCCJYN"
"P010031328","AJCCJYO"
"P010031328","AJCCJYP"
"P010031328","AJCCJYQ"
"P010031328","AJCCJYR"
"P010031328","AJCCJYS"
"P010031328","AJCCJYT"
"P010031328","AJCCJYU"
"P010031328","AJCCJYV"
"P010031328","AJCCJYW"
"P010031328","AJCCJZA"
"P010031328","AJCCJZB"
"P010031328","AJCCKBT"
"P010031328","AJCCKCC"
"P010031362","AJDMHPT"
"P010031362","AJDMHPU"
"P010031362","AJDMHPV"
"P010031362","AJDMHPW"
"P010031362","AJDMHQB"
"P010031362","AJDMHQC"
"P010031362","AJDMHQD"
"P010031362","AJDMHQE"
"P010031362","AJDMHQW"
"P010031362","AJDMHRF"
"P010031362","AJDMHRH"
"P010031362","AJDMHRI"
"P010031362","AJDMHRJ"
"P010031362","AJDMHRK"
"P010031362","AJDMHRL"
"P010031362","AJDMHRM"
"P010031362","AJDMHRN"
"P010031362","AJDMHRO"
"P010031362","AJDMHRP"
"P010031362","AJDMHRQ"
"P010031362","AJDMHRR"
"P010031362","AJDMHRS"
"P010031362","AJDMHRT"
"P010031362","AJDMHRU"
"P010031362","AJDMHRX"
"P010031362","AJDMHRY"
"P010031362","AJDMHRZ"
"P010031362","AJDMHSA"
"P010031362","AJDMHSB"
"P010031362","AJDMHSC"
"P010031362","AJDMHSD"
"P010031362","AJDMHSE"
"P010031362","AJDMHSF"
"P010031362","AJDMHSG"
"P010031362","AJDMHSH"
"P010031362","AJDMHSK"
"P010031362","AJDMHSL"
"P010031362","AJDMJFE"
"P010031384","AJFDTWD"
"P010031384","AJFDTWE"
"P010031384","AJFDTWF"
"P010031384","AJFDTWG"
"P010031384","AJFDTWH"
"P010031384","AJFDTWI"
"P010031384","AJFDTWJ"
"P010031384","AJFDTWK"
"P010031384","AJFDTWL"
"P010031384","AJFDTWM"
"P010031384","AJFDTWN"
"P010031384","AJFDTXM"
"P010031384","AJFDTXN"
"P020031133","ADTSBGY"
"P020031133","ADTSBGZ"
"P020031133","ADTSBHA"
"P020031133","ADTSBHB"
"P020031133","ADTSBHC"
"P020031133","ADTSBHD"
"P020031133","ADTSBHE"
"P020031133","ADTSBHF"
"P020031133","ADTSBHG"
"P020031133","ADTSBHH"
"P020031133","ADTSBHI"
"P020031133","ADTSBHJ"
"P020031133","ADTSBHK"
"P020031133","ADTSBHL"
"P020031133","ADTSBHM"
"P020031133","ADTSBHN"
"P020031133","ADTSBHO"
"P020031133","ADTSBHP"
"P020031133","ADTSBHQ"
"P020031133","ADTSBHR"
"P020031133","ADTSBHS"
"P020031133","ADTSBHT"
"P020031133","ADTSBHU"
"P020031133","ADTSBHV"
"P020031133","ADTSBHW"
"P020031133","ADTSBHX"
"P020031133","ADTSBHY"
"P020031133","ADTSBHZ"
"P020031133","ADTSBJA"
"P020031133","ADTSBJB"
"P020031133","ADTSBJC"
"P020031133","ADTSBJD"
"P020031133","ADTSBJE"
"P020031133","ADTSBJF"
"P020031133","ADTSBJG"
"P020031133","ADTSBJH"
"P020031133","ADTSBKJ"
"P020031133","ADTSBKK"
"P020031133","ADTSBKL"
"P020031133","ADTSBKN"
"P020031133","ADVDDHE"
"P020031133","ADVDDHG"
"P020031133","ADVDDHJ"
"P020031133","ADVDDHK"
"P020031133","ADVDDHL"
"P020031133","ADVDDHT"
"P020031133","ADVDDHW"
"P020031133","ADVDDHX"
"P020031133","ADVDDHY"
"P020031133","ADVDDHZ"
"P020031133","ADVDDJA"
"P020031133","ADVDDJB"
"P020031133","ADVDDJC"
"P020031133","ADVDDJD"
"P020031133","ADVDDJE"
"P020031133","ADVDDJF"
"P020031133","ADVDDJG"
"P020031133","ADVDDJH"
"P020031133","ADVDDJI"
"P020031133","ADVDDJJ"
"P020031133","ADVDDJK"
"P020031133","ADVDDJL"
"P020031133","ADVDDJM"
"P020031133","ADVDDJN"
"P020031133","ADVDDJO"
"P020031133","ADVDDJP"
"P020031133","ADVDDJQ"
"P020031133","ADVDDJR"
"P020031133","ADVDDJS"
"P020031133","ADVDDJT"
"P020031133","ADVDDJU"
"P020031133","ADVDDJV"
"P020031133","ADVDDJW"
"P020031133","ADVDDJX"
"P020031133","ADVDDJY"
"P020031133","ADVDDJZ"
"P020031133","ADVDDKA"
"P020031133","ADVDDKB"
"P020031133","ADVDDKC"
"P020031133","ADVDDKD"
"P020031133","ADVDDKE"
"P020031133","ADVDDKF"
"P020031133","ADVDDKG"
"P020031133","ADVDDKH"
"P020031133","ADVDDKI"
"P020031133","ADVDDKJ"
"P020031133","ADVDDKK"
"P020031133","ADVDDKL"
"P020031133","ADVDDKM"
"P020031133","ADVDDKN"
"P020031133","ADVDDKO"
"P020031133","ADVDDKP"
"P020031133","ADVDDKQ"
"P020031133","ADVDDKR"
"P020031133","ADVDDKS"
"P020031133","ADVDDKT"
"P020031133","ADVDDKU"
"P020031133","ADVDDKV"
"P020031133","ADVDDKW"
"P020031133","ADVDDKX"
"P020031133","ADVDDKY"
"P020031133","ADVDDKZ"
"P020031133","ADVDDLA"
"P020031133","ADVDDLB"
"P020031133","ADVDDLC"
"P020031133","ADVDDLD"
"P020031133","ADVDDLE"
"P020031133","ADVDDLF"
"P020031133","ADVDDLG"
"P020031133","ADVDDLH"
"P020031133","ADVDDLI"
"P020031133","ADVDDLJ"
"P020031133","ADVDDLK"
"P020031133","ADVDDLL"
"P020031133","ADVDDLM"
"P020031133","ADVDDLN"
"P020031133","ADVDDLO"
"P020031133","ADVDDLP"
"P020031133","ADVDDLQ"
"P020031133","ADVDDLR"
"P020031133","ADVDDLS"
"P020031133","ADVDDLT"
"P020031133","ADVDDLU"
"P020031133","ADVDDLV"
"P020031133","ADVDDLW"
"P020031133","ADVDDLX"
"P020031133","ADVDDLY"
"P020031133","ADVDDLZ"
"P020031133","ADVDDMA"
"P020031133","ADVDDMB"
"P020031133","ADVDDMC"
"P020031133","ADVDDMD"
"P020031133","ADVDDME"
"P020031133","ADVDDMF"
"P020031133","ADVDDMG"
"P020031133","ADVDDMH"
"P020031133","ADVDDMI"
"P020031133","ADVDDMJ"
"P020031133","ADVDDMK"
"P020031133","ADVDDML"
"P020031133","ADVDDMM"
"P020031133","ADVDDMN"
"P020031133","ADVDDMO"
"P020031133","ADVDDMP"
"P020031133","ADVDDMQ"
"P020031133","ADVDDMR"
"P020031133","ADVDDMS"
"P020031133","ADVDDMT"
"P020031133","ADVDDMU"
"P020031133","ADVDDMV"
"P020031133","ADVDDMW"
"P020031133","ADVDDMX"
"P020031133","ADVDDMY"
"P020031133","ADVDDMZ"
"P020031133","ADVDDNA"
"P020031133","ADVDDNB"
"P020031133","ADVDDNC"
"P020031133","ADVDDND"
"P020031133","ADVDDNE"
"P020031133","ADVDDNF"
"P020031133","ADVDDNG"
"P020031133","ADVDDNH"
"P020031133","ADVDDNI"
"P020031133","ADVDDTK"
"P020031133","ADVDDTL"
"P020031133","AHRSRLP"
"P020031133","AHRSRQW"
"P020031133","AHRSRVF"
"P020031217","AHVCTTZ"
"P020031217","AHVCTVA"
"P020031217","AHVCTVB"
"P020031217","AHVCTVC"
"P020031217","AHVCTVD"
"P020031217","AHVCTVE"
"P020031217","AHVCTVF"
"P020031217","AHVCTVG"
"P020031217","AHVCTVH"
"P020031217","AHVCTVI"
"P020031217","AHVCTVJ"
"P020031217","AHVCTVK"
"P020031217","AHVCTVL"
"P020031217","AHVCTVM"
"P020031217","AHVCTVN"
"P020031217","AHVCTVO"
"P020031217","AHVCTVP"
"P020031217","AHVCTVQ"
"P020031217","AHVCTVR"
"P020031217","AHVCTVS"
"P020031217","AHVCTVT"
"P020031217","AHVCTVU"
"P020031217","AHVCTVV"
"P020031217","AHVCTVW"
"P020031217","AHVCTVX"
"P020031217","AHVCTVY"
"P020031217","AHVCTVZ"
"P020031217","AHVCTWA"
"P020031217","AHVCTWB"
"P020031217","AHVCTWC"
"P020031217","AHVCTWD"
"P020031217","AHVCTWE"
"P020031217","AHVCTWF"
"P020031217","AHVCTWG"
"P020031217","AHVCTWH"
"P020031217","AHVCTWI"
"P020031217","AHVCTWJ"
"P020031217","AHVCTWL"
"P020031217","AHVCTWO"
"P020031217","AHVCTWR"
"P020031217","AHVCTWV"
"P020031217","AHVCTXD"
"P020031217","AHVCTXG"
"P020031222","AHVNZHB"
"P020031222","AHVNZHC"
"P020031222","AHVNZHD"
"P020031222","AHVNZHE"
"P020031222","AHVNZHF"
"P020031222","AHVNZHG"
"P020031222","AHVNZHH"
"P020031222","AHVNZHI"
"P020031222","AHVNZHP"
"P020031222","AHVNZHU"
"P020031222","AHVNZHV"
"P020031222","AHVNZHW"
"P020031222","AHVNZHX"
"P020031222","AHVNZHY"
"P020031222","AHVNZHZ"
"P020031222","AHVNZJA"
"P020031222","AHVNZJB"
"P020031222","AHVNZJC"
"P020031222","AHVNZJD"
"P020031222","AHVNZJE"
"P020031222","AHVNZJF"
"P020031222","AHVNZJG"
"P020031222","AHVNZJH"
"P020031222","AHVNZJI"
"P020031222","AHVNZJJ"
"P020031222","AHVNZJK"
"P020031222","AHVNZJL"
"P020031222","AHVNZJM"
"P020031222","AHVNZJN"
"P020031222","AHVNZJO"
"P020031222","AHVNZJP"
"P020031222","AHVNZJQ"
"P020031222","AHVNZJR"
"P020031222","AHVNZJS"
"P020031222","AHVNZJT"
"P020031222","AHVNZJU"
"P020031222","AHVNZJV"
"P020031236","AHVWKGP"
"P020031236","AHVWKGQ"
"P020031236","AHVWKGR"
"P020031236","AHVWKGS"
"P020031236","AHVWKHG"
"P020031236","AHVWKHH"
"P020031236","AHVWKHI"
"P020031236","AHVWKHJ"
"P020031236","AHVWKHO"
"P020031236","AHVWKHP"
"P020031236","AHVWKHQ"
"P020031236","AHVWKHR"
"P020031236","AHVWKHS"
"P020031236","AHVWKHT"
"P020031236","AHVWKHU"
"P020031236","AHVWKHV"
"P020031236","AHVWKHW"
"P020031236","AHVWKHX"
"P020031236","AHVWKHY"
"P020031236","AHVWKHZ"
"P020031236","AHVWKJA"
"P020031236","AHVWKJB"
"P020031236","AHVWKJC"
"P020031236","AHVWKJD"
"P020031236","AHVWKJE"
"P020031236","AHVWKJF"
"P020031236","AHVWKJG"
"P020031236","AHVWKJH"
"P020031236","AHVWKJI"
"P020031236","AHVWKJJ"
"P020031236","AHVWKJK"
"P020031236","AHVWKJL"
"P020031236","AHVWKJM"
"P020031236","AHVWKJN"
"P020031236","AHVWKJO"
"P020031236","AHVWKJP"
"P020031236","AHVWKJQ"
"P020031249","AHWKLTF"
"P020031249","AHWKLTG"
"P020031249","AHWKLVX"
"P020031249","AHWKLVY"
"P020031249","AHWKLVZ"
"P020031249","AHWKLWA"
"P020031249","AHWKLWG"
"P020031249","AHWKLWH"
"P020031249","AHWKLWI"
"P020031249","AHWKLWJ"
"P020031249","AHWKLWK"
"P020031249","AHWKLWL"
"P020031249","AHWKLWO"
"P020031249","AHWKLWQ"
"P020031249","AHWKLWR"
"P020031249","AHWKLWS"
"P020031249","AHWKLWT"
"P020031249","AHWKLWU"
"P020031249","AHWKLWV"
"P020031249","AHWKLWW"
"P020031249","AHWKLWX"
"P020031249","AHWKLWY"
"P020031249","AHWKLWZ"
"P020031249","AHWKLXA"
"P020031249","AHWKLXB"
"P020031249","AHWKLXC"
"P020031249","AHWKLXH"
"P020031249","AHWKLXI"
"P020031249","AHWKLXJ"
"P020031249","AHWKLXK"
"P020031249","AHWKLXL"
"P020031249","AHWKLXM"
"P020031249","AHWKLXN"
"P020031249","AHWKLXO"
"P020031249","AHWKLXP"
"P020031249","AHWKLXQ"
"P020031249","AHWKLXR"
"P020031249","AHWKLXS"
"P020031249","AHWKLXT"
"P020031283","AHYCBCA"
"P020031283","AHYCBCB"
"P020031283","AHYCBCC"
"P020031283","AHYCBCD"
"P020031283","AHYCBCM"
"P020031283","AHYCBCN"
"P020031283","AHYCBCO"
"P020031283","AHYCBCP"
"P020031283","AHYCBCQ"
"P020031283","AHYCBCR"
"P020031283","AHYCBDE"
"P020031283","AHYCBDG"
"P020031283","AHYCBDH"
"P020031283","AHYCBDI"
"P020031283","AHYCBDJ"
"P020031283","AHYCBDK"
"P020031283","AHYCBDL"
"P020031283","AHYCBDM"
"P020031283","AHYCBDN"
"P020031283","AHYCBDO"
"P020031283","AHYCBDP"
"P020031283","AHYCBDQ"
"P020031283","AHYCBDR"
"P020031283","AHYCBDS"
"P020031283","AHYCBDT"
"P020031283","AHYCBDU"
"P020031283","AHYCBDV"
"P020031283","AHYCBDW"
"P020031283","AHYCBDX"
"P020031283","AHYCBDY"
"P020031283","AHYCBDZ"
"P020031283","AHYCBFA"
"P020031283","AHYCBFB"
"P020031283","AHYCBFC"
"P020031283","AHYCBFD"
"P020031283","AHYCBFE"
"P020031283","AHYCBFF"
"P020031283","AHZPYVS"
"P020031283","AHZPYVV"
"P020031283","AHZPYVW"
"P020031283","AHZPYVX"
"P020031283","AHZPYVY"
"P020031283","AHZPYVZ"
"P020031283","AHZPYWA"
"P020031283","AHZPYWB"
"P020031283","AHZPYWC"
"P020031283","AHZPYWD"
"P020031283","AHZPYWE"
"P020031283","AHZPYWF"
"P020031283","AHZPYWG"
"P020031283","AHZPYWH"
"P020031283","AHZPYWI"
"P020031283","AHZPYWJ"
"P020031283","AHZPYWK"
"P020031283","AHZPYWL"
"P020031283","AHZPYWM"
"P020031283","AHZPYWN"
"P020031283","AHZPYWO"
"P020031283","AHZPYWP"
"P020031283","AHZPYWQ"
"P020031283","AHZPYWR"
"P020031283","AHZPYWS"
"P020031283","AHZPYWT"
"P020031283","AHZPYWU"
"P020031283","AHZPYWV"
"P020031283","AHZPYWW"
"P020031283","AHZPYWX"
"P020031283","AHZPYWY"
"P020031283","AHZPYWZ"
"P020031283","AHZPYXA"
"P020031283","AHZPYXB"
"P020031283","AHZPYXC"
"P020031283","AHZPYXD"
"P020031283","AHZPYXE"
"P020031283","AHZPYXF"
"P020031283","AHZPYXG"
"P020031283","AHZPYXH"
"P020031283","AHZPYXI"
"P020031283","AHZPYXJ"
"P020031283","AHZPYXK"
"P020031283","AHZPYXL"
"P020031283","AHZPYXM"
"P020031283","AHZPYXN"
"P020031283","AHZPYXO"
"P020031283","AHZPYXP"
"P020031283","AHZPYXQ"
"P020031283","AHZPYXR"
"P020031283","AHZPYXS"
"P020031283","AHZPYXT"
"P020031283","AHZPYXU"
"P020031283","AHZPYXV"
"P020031283","AHZPYXW"
"P020031283","AHZPYXX"
"P020031283","AHZPYXY"
"P020031283","AHZPYXZ"
"P020031283","AHZPYYA"
"P020031283","AHZPYYB"
"P020031283","AHZPYYC"
"P020031283","AHZPYYD"
"P020031283","AHZPYYE"
"P020031283","AHZPYYF"
"P020031283","AHZPYYG"
"P020031283","AHZPYYH"
"P020031283","AHZPYYI"
"P020031283","AHZPYYJ"
"P020031283","AHZPYYK"
"P020031283","AHZPYYL"
"P020031283","AHZPYYM"
"P020031283","AHZPYYN"
"P020031283","AHZPYYO"
"P020031283","AHZPYYP"
"P020031283","AHZPYYQ"
"P020031283","AHZPYYR"
"P020031283","AHZPYYS"
"P020031283","AHZPYYT"
"P020031283","AHZPYYU"
"P020031283","AHZPYYV"
"P020031283","AHZPYYW"
"P020031283","AHZPYYX"
"P020031283","AHZPYYY"
"P020031283","AHZPYYZ"
"P020031283","AHZPYZA"
"P020031283","AHZPYZB"
"P020031283","AHZPYZC"
"P020031283","AHZPYZD"
"P020031283","AHZPYZE"
"P020031283","AHZPYZF"
"P020031283","AHZPYZG"
"P020031283","AHZPYZH"
"P020031283","AHZPYZI"
"P020031283","AHZPYZJ"
"P020031283","AHZPYZK"
"P020031283","AHZPYZL"
"P020031283","AHZPYZM"
"P020031283","AHZPYZN"
"P020031283","AHZPYZO"
"P020031283","AHZPYZP"
"P020031283","AHZPYZQ"
"P020031283","AHZPYZR"
"P020031283","AHZPYZS"
"P020031283","AHZPYZT"
"P020031283","AHZPYZU"
"P020031283","AHZPYZV"
"P020031283","AHZPYZW"
"P020031283","AHZPYZX"
"P020031283","AHZPYZY"
"P020031283","AHZPYZZ"
"P020031283","AHZPZBA"
"P020031283","AHZPZBB"
"P020031283","AHZPZBC"
"P020031283","AHZPZBD"
"P020031283","AHZPZBE"
"P020031283","AHZPZBF"
"P020031283","AHZPZBG"
"P020031283","AHZPZBH"
"P020031400","AJDQGMR"
"P020031400","AJDQGMS"
"P020031400","AJDQGMT"
"P020031400","AJDQGMU"
"P020031400","AJDQGMV"
"P020031400","AJDQGMW"
"P020031400","AJDQGMX"
"P020031400","AJDQGMY"
"P020031400","AJDQGMZ"
"P020031400","AJDQGNA"
"P020031400","AJDQGNB"
"P020031400","AJDQGNC"
"P020031400","AJDQGND"
"P020031400","AJDQGNE"
"P020031400","AJDQGNF"
"P020031400","AJDQGNG"
"P020031400","AJDQGNH"
"P020031400","AJDQGNI"
"P020031400","AJDQGNJ"
"P020031400","AJDQGNK"
"P020031400","AJDQGNL"
"P020031400","AJDQGNM"
"P020031400","AJDQGNN"
"P020031400","AJDQGNO"
"P020031400","AJDQGNP"
"P020031400","AJDQGNQ"
"P020031400","AJDQGNR"
"P020031400","AJDQGNS"
"P020031400","AJDQGNT"
"P020031400","AJDQGNU"
"P020031400","AJDQGNV"
"P020031400","AJDQGNW"
"P020031400","AJDQGNX"
"P020031400","AJDQGNY"
"P020031400","AJDQGNZ"
"P020031400","AJDQGPA"
"P020031400","AJDQGPB"
"P030031177","AHSWJMD"
"P030031177","AHSWJME"
"P030031177","AHSWJMF"
"P030031177","AHSWJMG"
"P030031177","AHSWJMH"
"P030031177","AHSWJMI"
"P030031177","AHSWJMJ"
"P030031177","AHSWJMK"
"P030031177","AHSWJML"
"P030031177","AHSWJMM"
"P030031177","AHSWJMN"
"P030031177","AHSWJMO"
"P030031177","AHSWJMP"
"P030031177","AHSWJMQ"
"P030031177","AHSWJMR"
"P030031177","AHSWJMS"
"P030031177","AHSWJMT"
"P030031177","AHSWJMU"
"P030031177","AHSWJMV"
"P030031177","AHSWJMW"
"P030031177","AHSWJMX"
"P030031177","AHSWJMY"
"P030031177","AHSWJMZ"
"P030031177","AHSWJNA"
"P030031177","AHSWJNB"
"P030031177","AHSWJNC"
"P030031177","AHSWJND"
"P030031177","AHSWJNE"
"P030031177","AHSWJNF"
"P030031177","AHSWJNG"
"P030031177","AHSWJNH"
"P030031177","AHSWJNI"
"P030031177","AHSWJNJ"
"P030031177","AHSWJNK"
"P030031177","AHSWJNL"
"P030031177","AHSWJNM"
"P030031177","AHSWJNN"
"P030031177","AHSWJNO"
"P030031177","AHSWJPW"
"P030031177","AHSWJPY"
"P030031177","AHSWJPZ"
"P030031177","AHSWJQA"
"P030031177","AHSWJQC"
"P030031177","AHSWKHO"
"P030031177","AHSWKHP"
"P030031177","AHSWKHQ"
"P030031177","AHSWKHR"
"P030031177","AHSWKHT"
"P030031177","AHSWKHU"
"P030031177","AHSWRNY"
"P030031177","AHSWRPC"
"P030031177","AHSWRPD"
"P030031177","AHSWRPF"
"P030031177","AHSWRPG"
"P030031177","AHSWRPH"
"P030031177","AHSWRPI"
"P030031177","AHSWRPJ"
"P030031177","AHSWRPK"
"P030031177","AHSWRPL"
"P030031177","AHSWRPM"
"P030031177","AHSWRPO"
"P030031177","AHSWRPP"
"P030031177","AHSWRPQ"
"P030031177","AHSWRPR"
"P030031177","AHSWRPS"
"P030031177","AHSWRPT"
"P030031177","AHSWRPU"
"P030031177","AHSWRPV"
"P030031177","AHSWRPW"
"P030031177","AHSWRPX"
"P030031177","AHSWRQF"
"P030031177","AHSWRQG"
"P030031177","AHSWRQH"
"P030031177","AHSWRQI"
"P030031177","AHSWRQJ"
"P030031177","AHSWRQK"
"P030031177","AHSWRQL"
"P030031177","AHSWRQM"
"P030031177","AHSWRQN"
"P030031177","AHTBPXQ"
"P030031177","AHTBPXR"
"P030031177","AHTBPXS"
"P030031177","AHTBPXT"
"P030031177","AHTBPXW"
"P030031177","AHTBPXX"
"P030031177","AHTBPXY"
"P030031177","AHTBPXZ"
"P030031177","AHTBPYA"
"P030031177","AHTBPYC"
"P030031177","AHTBPYD"
"P030031177","AHTBPYF"
"P030031177","AHTBPYG"
"P030031177","AHTBPYH"
"P030031177","AHTBPYI"
"P030031177","AHTBPYJ"
"P030031177","AHTBPYK"
"P030031177","AHTBPYL"
"P030031177","AHTBPYN"
"P030031177","AHTBPYO"
"P030031177","AHTBPYP"
"P030031177","AHTBPYQ"
"P030031177","AHTBPYS"
"P030031177","AHTBPYT"
"P030031177","AHTBPYU"
"P030031177","AHTBPYV"
"P030031177","AHTBPYW"
"P030031177","AHTBPZU"
"P030031177","AHTBQDF"
"P030031177","AHTBQGJ"
"P030031177","AHTBQJO"
"P030031177","AHTBQLV"
"P030031177","AHTBQPC"
"P030031177","AHTBQRM"
"P030031177","AHTBQSL"
"P030031177","AHTBQSN"
"P030031177","AHTBQSO"
"P030031177","AHTBQSP"
"P030031177","AHTBQSQ"
"P030031177","AHTBQSR"
"P030031177","AHTBQST"
"P030031177","AHTBQSU"
"P030031177","AHTBQSZ"
"P030031177","AHTBQTA"
"P030031177","AHTBQTC"
"P030031177","AHTBQTD"
"P030031177","AHTBQTE"
"P030031177","AHTBQTF"
"P030031177","AHTBQTG"
"P030031177","AHTBQTH"
"P030031177","AHTBQTI"
"P030031177","AHTBQTJ"
"P030031177","AHTBQTK"
"P030031177","AHTBQTL"
"P030031177","AHTBQTZ"
"P030031177","AHTBQVA"
"P030031177","AHTBQVB"
"P030031177","AHTBQVC"
"P030031177","AHTBQVD"
"P030031177","AHTBQVE"
"P030031177","AHTBQVF"
"P030031177","AHTBQVG"
"P030031177","AHTBQVH"
"P030031177","AHTBQVI"
"P030031177","AHTBQVJ"
"P030031177","AHTBQVK"
"P030031177","AHTBQVL"
"P030031177","AHTBQVM"
"P030031177","AHTBQVS"
"P030031177","AHTBQVT"
"P030031177","AHTBQVU"
"P030031177","AHTBQVV"
"P030031177","AHTBQVW"
"P030031206","AHVCDWX"
"P030031206","AHVCDWY"
"P030031206","AHVCDWZ"
"P030031206","AHVCDXA"
"P030031206","AHVCDYW"
"P030031206","AHVCDYX"
"P030031206","AHVCDYY"
"P030031206","AHVCDYZ"
"P030031206","AHVCDZA"
"P030031206","AHVCDZB"
"P030031206","AHVCDZC"
"P030031206","AHVCDZD"
"P030031206","AHVCDZE"
"P030031206","AHVCDZF"
"P030031206","AHVCDZG"
"P030031206","AHVCDZH"
"P030031206","AHVCDZI"
"P030031206","AHVCDZJ"
"P030031206","AHVCDZK"
"P030031206","AHVCDZL"
"P030031206","AHVCDZM"
"P030031206","AHVCDZN"
"P030031206","AHVCDZO"
"P030031206","AHVCDZP"
"P030031206","AHVCDZQ"
"P030031206","AHVCDZR"
"P030031206","AHVCDZS"
"P030031206","AHVCDZT"
"P030031206","AHVCDZU"
"P030031206","AHVCDZV"
"P030031206","AHVCDZW"
"P030031206","AHVCFBB"
"P030031206","AHVCFBC"
"P030031206","AHVCFBD"
"P030031206","AHVCFBE"
"P030031206","AHVCFBF"
"P030031206","AHVCFBG"
"P030031209","AHVGGTO"
"P030031209","AHVGGTP"
"P030031209","AHVGGTQ"
"P030031209","AHVGGTR"
"P030031209","AHVGGTW"
"P030031209","AHVGGTX"
"P030031209","AHVGGTY"
"P030031209","AHVGGTZ"
"P030031209","AHVGGVE"
"P030031209","AHVGGVF"
"P030031209","AHVGGVG"
"P030031209","AHVGGVM"
"P030031209","AHVGGVN"
"P030031209","AHVGGVO"
"P030031209","AHVGGVP"
"P030031209","AHVGGVQ"
"P030031209","AHVGGVR"
"P030031209","AHVGGVS"
"P030031209","AHVGGVT"
"P030031209","AHVGGVU"
"P030031209","AHVGGVV"
"P030031209","AHVGGVW"
"P030031209","AHVGGVX"
"P030031209","AHVGGVY"
"P030031209","AHVGGVZ"
"P030031209","AHVGGWA"
"P030031209","AHVGGWB"
"P030031209","AHVGGWC"
"P030031209","AHVGGWD"
"P030031209","AHVGGWE"
"P030031209","AHVGGWF"
"P030031209","AHVGGWG"
"P030031209","AHVGGWH"
"P030031209","AHVGGWI"
"P030031209","AHVGGWJ"
"P030031209","AHVGGWM"
"P030031209","AHVGGWN"
"P030031209","AHVGGWY"
"P030031211","AHVGPYS"
"P030031211","AHVGPYT"
"P030031211","AHVGPYU"
"P030031211","AHVGPYV"
"P030031211","AHVGPYW"
"P030031211","AHVGPYX"
"P030031211","AHVGPYY"
"P030031211","AHVGPZA"
"P030031211","AHVGPZC"
"P030031211","AHVGPZD"
"P030031211","AHVGPZH"
"P030031211","AHVGPZI"
"P030031211","AHVGPZJ"
"P030031211","AHVGPZK"
"P030031211","AHVGPZL"
"P030031211","AHVGPZM"
"P030031211","AHVGPZN"
"P030031211","AHVGPZO"
"P030031211","AHVGPZP"
"P030031211","AHVGPZQ"
"P030031211","AHVGPZR"
"P030031211","AHVGPZS"
"P030031211","AHVGPZT"
"P030031211","AHVGQDL"
"P030031211","AHVGQDM"
"P030031211","AHVGQDP"
"P030031211","AHVGQGC"
"P030031211","AHVGQGD"
"P030031211","AHWBYTQ"
"P030031211","AHWBYTR"
"P030031211","AHWBYTS"
"P030031211","AHWBYTT"
"P030031211","AHWBYTU"
"P030031211","AHWBYTV"
"P030031211","AHWBYTW"
"P030031211","AHWBYTX"
"P030031211","AHWBYTY"
"P030031211","AHWBYTZ"
"P030031211","AHWBYVA"
"P030031211","AHWBYVB"
"P030031211","AHWBYVC"
"P030031211","AHWBYVD"
"P030031211","AHWBYVE"
"P030031211","AHWBYVF"
"P030031211","AHWBYVG"
"P030031211","AHWBYVH"
"P030031211","AHWBYVI"
"P030031211","AHWBYVJ"
"P030031211","AHWBYVK"
"P030031211","AHWBYVL"
"P030031211","AHWBYVM"
"P030031211","AHWBYVN"
"P030031211","AHWBYVO"
"P030031211","AHWBYVP"
"P030031211","AHWBYVQ"
"P030031211","AHWBYVR"
"P030031211","AHWBYVS"
"P030031211","AHWBYVT"
"P030031211","AHWBYVU"
"P030031211","AHWBYVV"
"P030031211","AHWBYVW"
"P030031211","AHWBYVX"
"P030031211","AHWBYVY"
"P030031211","AHWBYVZ"
"P030031211","AHWBYWA"
"P030031211","AHWBYWB"
"P030031211","AHWBYWC"
"P030031211","AHWBYWD"
"P030031211","AHWBYWE"
"P030031211","AHWBYWF"
"P030031211","AHWBYWG"
"P030031211","AHWBYWH"
"P030031211","AHWBYWI"
"P030031211","AHWBYWJ"
"P030031211","AHWBYWK"
"P030031211","AHWBYWL"
"P030031211","AHWBYWM"
"P030031211","AHWBYWN"
"P030031211","AHWBYWO"
"P030031211","AHWBYWP"
"P030031211","AHWBYWQ"
"P030031211","AHWBYWR"
"P030031211","AHWBYWS"
"P030031211","AHWBYWT"
"P030031211","AHWBYWU"
"P030031211","AHWBYWV"
"P030031211","AHWBYWW"
"P030031211","AHWBYWX"
"P030031211","AHWBYWY"
"P030031211","AHWBYWZ"
"P030031211","AHWBYXA"
"P030031211","AHWBYXB"
"P030031211","AHWBYXC"
"P030031211","AHWBYXD"
"P030031211","AHWBYXE"
"P030031211","AHWBYXF"
"P030031211","AHWBYXG"
"P030031211","AHWBYXH"
"P030031211","AHWBYXI"
"P030031211","AHWBYXJ"
"P030031211","AHWBYXK"
"P030031211","AHWBYXL"
"P030031211","AHWBYXM"
"P030031211","AHWBYXN"
"P030031211","AHWBYXO"
"P030031211","AHWBYXP"
"P030031211","AHWBYXQ"
"P030031211","AHWBYXR"
"P030031211","AHWBYXS"
"P030031211","AHWBYXT"
"P030031211","AHWBYXU"
"P030031211","AHWBYXV"
"P030031211","AHWBYXW"
"P030031211","AHWBYXX"
"P030031211","AHWBYXY"
"P030031211","AHWBYXZ"
"P030031211","AHWBYYA"
"P030031211","AHWBYYB"
"P030031211","AHWBYYC"
"P030031211","AHWBYYD"
"P030031211","AHWBYYE"
"P030031211","AHWBYYF"
"P030031211","AHWBYYG"
"P030031211","AHWBYYH"
"P030031211","AHWBYYI"
"P030031211","AHWBYYJ"
"P030031211","AHWBYYK"
"P030031211","AHWBYYL"
"P030031211","AHWBYYM"
"P030031211","AHWBYYN"
"P030031211","AHWBYYO"
"P030031211","AHWBYYP"
"P030031211","AHWBYYQ"
"P030031211","AHWBYYR"
"P030031211","AHWBYYS"
"P030031211","AHWBYYT"
"P030031211","AHWBYYU"
"P030031211","AHWBYYV"
"P030031211","AHWBYYW"
"P030031211","AHWBYYX"
"P030031211","AHWBYYY"
"P030031211","AHWBYYZ"
"P030031211","AHWBYZA"
"P030031211","AHWBYZB"
"P030031211","AHWBYZC"
"P030031211","AHWBYZD"
"P030031331","AJBXLBP"
"P030031331","AJBXLBQ"
"P030031331","AJBXLBR"
"P030031331","AJBXLBS"
"P030031331","AJBXLBV"
"P030031331","AJBXLBW"
"P030031331","AJBXLBX"
"P030031331","AJBXLBY"
"P030031331","AJBXLBZ"
"P030031331","AJBXLCA"
"P030031331","AJBXLCB"
"P030031331","AJBXLCP"
"P030031331","AJBXLCQ"
"P030031331","AJBXLCR"
"P030031331","AJBXLCS"
"P030031331","AJBXLCT"
"P030031331","AJBXLCU"
"P030031331","AJBXLCV"
"P030031331","AJBXLCW"
"P030031331","AJBXLCX"
"P030031331","AJBXLCY"
"P030031331","AJBXLCZ"
"P030031331","AJBXLDB"
"P030031331","AJBXLDC"
"P030031386","AJDSZXA"
"P030031386","AJDSZXB"
"P030031386","AJDSZXC"
"P030031386","AJDSZXD"
"P030031386","AJDSZXE"
"P030031386","AJDSZXF"
"P030031386","AJDSZXG"
"P030031386","AJDSZXH"
"P030031386","AJDSZXI"
"P030031386","AJDSZXK"
"P030031386","AJDSZXM"
"P030031386","AJDTBCC"
"P030031386","AJDTBCD"
"P030031386","AJDTBCE"
"P030031386","AJDTBCF"
"P030031386","AJDTBCG"
"P030031386","AJDTBCH"
"P030031386","AJDTBCI"
"P030031386","AJDTBCJ"
"P030031386","AJDTBCK"
"P030031386","AJDTBCL"
"P030031386","AJDTBCM"
"P030031386","AJDTBCN"
"P030031386","AJDTBCO"
"P030031386","AJDTBDI"
"P030031386","AJDTBDJ"
"P040031089","AHNWMRM"
"P040031089","AHNWMRN"
"P040031089","AHNWMRO"
"P040031089","AHNWMRP"
"P040031089","AHNWMRR"
"P040031089","AHNWMRS"
"P040031089","AHNWMRT"
"P040031089","AHNWMRU"
"P040031089","AHNWMRW"
"P040031089","AHNWMRX"
"P040031089","AHNWMRY"
"P040031089","AHNWMRZ"
"P040031089","AHNWMSA"
"P040031089","AHNWMSB"
"P040031089","AHNWMSC"
"P040031089","AHNWMSD"
"P040031089","AHNWMSE"
"P040031089","AHNWMSF"
"P040031089","AHNWMSG"
"P040031089","AHNWMSH"
"P040031089","AHNWMSI"
"P040031089","AHNWMSJ"
"P040031089","AHNWMSK"
"P040031089","AHNWMSL"
"P040031089","AHNWMSM"
"P040031089","AHNWMSN"
"P040031089","AHNWMSO"
"P040031089","AHNWMSP"
"P040031089","AHNWMSQ"
"P040031089","AHNWMSR"
"P040031089","AHNWMSS"
"P040031089","AHNWMST"
"P040031089","AHNWMSU"
"P040031089","AHNWMSV"
"P040031089","AHNWMSW"
"P040031089","AHNWMSX"
"P040031089","AHNWMSY"
"P040031089","AHNWMTP"
"P040031089","AHNWMTQ"
"P040031096","AHXKZXN"
"P040031096","AHXKZXO"
"P040031096","AHXKZXP"
"P040031096","AHXKZXQ"
"P040031096","AHXKZXR"
"P040031096","AHXKZXS"
"P040031096","AHXKZXT"
"P040031096","AHXKZXU"
"P040031096","AHXKZXV"
"P040031096","AHXKZXW"
"P040031096","AHXKZXX"
"P040031096","AHXKZXY"
"P040031096","AHXKZXZ"
"P040031096","AHXKZYB"
"P040031096","AHXKZYD"
"P040031096","AHXKZYE"
"P040031096","AHXKZYH"
"P040031096","AHYQXLX"
"P040031096","AHYQXLZ"
"P040031096","AHYQXMB"
"P040031096","AHYQXMC"
"P040031096","AHYQXME"
"P040031096","AHYQXMG"
"P040031166","AHRMNXI"
"P040031166","AHRMNXJ"
"P040031166","AHRMNXK"
"P040031166","AHRMNXL"
"P040031166","AHRMNXM"
"P040031166","AHRMNXN"
"P040031166","AHRMNXO"
"P040031166","AHRMNXP"
"P040031166","AHRMNXQ"
"P040031166","AHRMNXR"
"P040031166","AHRMNXS"
"P040031166","AHRMNXT"
"P040031166","AHRMNXU"
"P040031166","AHRMNXV"
"P040031166","AHRMNXW"
"P040031166","AHRMNXX"
"P040031166","AHRMNXY"
"P040031166","AHRMNXZ"
"P040031166","AHRMNYA"
"P040031166","AHRMNYB"
"P040031166","AHRMNYC"
"P040031166","AHRMNYD"
"P040031166","AHRMNYE"
"P040031166","AHRMNYF"
"P040031166","AHRMNYG"
"P040031166","AHRMNYH"
"P040031166","AHRMNYI"
"P040031166","AHRMNYJ"
"P040031166","AHRMNYK"
"P040031166","AHRMNYL"
"P040031166","AHRMNYM"
"P040031166","AHRMNYN"
"P040031166","AHRMNYO"
"P040031166","AHRMNYP"
"P040031166","AHRMNYQ"
"P040031166","AHRMNYT"
"P040031166","AHRMNYU"
"P040031190","AHSQCWP"
"P040031190","AHSQCWQ"
"P040031190","AHSQCWR"
"P040031190","AHSQCWS"
"P040031190","AHSQCWW"
"P040031190","AHSQCWX"
"P040031190","AHSQCWY"
"P040031190","AHSQCWZ"
"P040031190","AHSQCXB"
"P040031190","AHSQCXC"
"P040031190","AHSQCXE"
"P040031190","AHSQCXF"
"P040031190","AHSQCXG"
"P040031190","AHSQCXH"
"P040031190","AHSQCXI"
"P040031190","AHSQCXJ"
"P040031190","AHSQCXK"
"P040031190","AHSQCXL"
"P040031190","AHSQCXM"
"P040031190","AHSQCXN"
"P040031190","AHSQCXO"
"P040031190","AHSQCXP"
"P040031190","AHSQCXQ"
"P040031190","AHSQCXR"
"P040031190","AHSQCXV"
"P040031190","AHSQCXW"
"P040031190","AHSQCXX"
"P040031190","AHSQCXY"
"P040031190","AHSQCXZ"
"P040031190","AHSQCYA"
"P040031190","AHSQCYB"
"P040031190","AHSQCYC"
"P040031190","AHSQCYD"
"P040031190","AHSQCYE"
"P040031190","AHSQCYF"
"P040031190","AHSQCYG"
"P040031190","AHSQCYH"
"P040031234","AHVNGCZ"
"P040031234","AHVNGDA"
"P040031234","AHVNGDB"
"P040031234","AHVNGDC"
"P040031234","AHVNGDD"
"P040031234","AHVNGDE"
"P040031234","AHVNGDF"
"P040031234","AHVNGDG"
"P040031234","AHVNGDI"
"P040031234","AHVNGDK"
"P040031234","AHVNGDL"
"P040031234","AHVNGDQ"
"P040031234","AHVNGDR"
"P040031234","AHVNGDS"
"P040031234","AHVNGDT"
"P040031234","AHVNGDU"
"P040031234","AHVNGDV"
"P040031234","AHVNGDW"
"P040031234","AHVNGDX"
"P040031234","AHVNGDY"
"P040031234","AHVNGDZ"
"P040031234","AHVNGFA"
"P040031234","AHVNGFB"
"P040031234","AHVNGFC"
"P040031234","AHVNGFI"
"P040031234","AHVNGFJ"
"P040031234","AHVNGFK"
"P040031234","AHVNGFL"
"P040031234","AHVNGFM"
"P040031234","AHVNGFN"
"P040031234","AHVNGFO"
"P040031234","AHVNGFP"
"P040031234","AHVNGFQ"
"P040031234","AHVNGFR"
"P040031234","AHVNGFS"
"P040031234","AHVNGFU"
"P040031234","AHVNGFV"
"P040031275","AHXGWQV"
"P040031275","AHXGWQW"
"P040031275","AHXGWQX"
"P040031275","AHXGWQY"
"P040031275","AHXGWRB"
"P040031275","AHXGWRC"
"P040031275","AHXGWRD"
"P040031275","AHXGWRE"
"P040031275","AHXGWRF"
"P040031275","AHXGWRG"
"P040031275","AHXGWRH"
"P040031275","AHXGWTQ"
"P040031275","AHXGWTR"
"P040031275","AHXGWTS"
"P040031275","AHXGWTT"
"P040031275","AHXGWTU"
"P040031275","AHXGWTV"
"P040031275","AHXGWTW"
"P040031275","AHXGWTX"
"P040031275","AHXGWTY"
"P040031275","AHXGWTZ"
"P040031275","AHXGWVA"
"P040031275","AHXGWVB"
"P040031275","AHXGWVC"
"P040031275","AHXGWVD"
"P040031275","AHXGWVE"
"P040031275","AHXGWVF"
"P040031275","AHXGWVG"
"P040031275","AHXGWVH"
"P040031275","AHXGWVI"
"P040031275","AHXGWVJ"
"P040031275","AHXGWVK"
"P040031275","AHXGWVL"
"P040031275","AHXGWVM"
"P040031275","AHXGWVN"
"P040031275","AHXGWVO"
"P040031275","AHXGWVP"
"P040031346","AJBSBKA"
"P040031346","AJBSBKB"
"P040031346","AJBSBKC"
"P040031346","AJBSBKD"
"P040031346","AJBSBKE"
"P040031346","AJBSBKF"
"P040031346","AJBSBKG"
"P040031346","AJBSBKH"
"P040031346","AJBSBKI"
"P040031346","AJBSBKJ"
"P040031346","AJBSBKN"
"P040031346","AJBSBKO"
"P040031346","AJBSBKP"
"P040031346","AJBSBKQ"
"P040031346","AJBSBKR"
"P040031346","AJBSBKS"
"P040031346","AJBSBKT"
"P040031346","AJBSBKU"
"P040031346","AJBSBKV"
"P040031346","AJBSBKW"
"P040031346","AJBSBKX"
"P040031346","AJBSBKY"
"P040031346","AJBSBKZ"
"P040031346","AJBSBLA"
"P040031346","AJBSBLB"
"P040031346","AJBSBLC"
"P040031346","AJBSBLD"
"P040031346","AJBSBLE"
"P040031346","AJBSBLF"
"P040031346","AJBSBLG"
"P040031346","AJBSBLH"
"P040031346","AJBSBLI"
"P040031346","AJBSBLJ"
"P040031346","AJBSBLK"
"P040031346","AJBSBLL"
"P040031346","AJBSBLM"
"P040031346","AJBSBLN"
"P040031346","AJBSBLO"
"P040031346","AJBSBLP"
"P040031346","AJBSBLQ"
"P040031346","AJBSDHM"
"P040031346","AJBSLZD"
"P040031346","AJBSLZE"
"P040031346","AJBSLZF"
"P040031346","AJBSLZG"
"P040031346","AJBSLZH"
"P040031346","AJBSLZI"
"P040031346","AJBSLZJ"
"P040031346","AJBSLZK"
"P040031346","AJBSLZL"
"P040031346","AJBSLZM"
"P040031346","AJBSLZN"
"P040031346","AJBSLZO"
"P040031346","AJBSLZP"
"P040031346","AJBSLZQ"
"P040031346","AJBSLZR"
"P040031346","AJBSLZS"
"P040031346","AJBSLZT"
"P040031346","AJBSLZU"
"P040031346","AJBSLZV"
"P040031346","AJBSLZW"
"P040031346","AJBSLZX"
"P040031346","AJBSLZY"
"P040031346","AJBSLZZ"
"P040031346","AJBSMBA"
"P040031346","AJBSMBB"
"P040031346","AJBSMBC"
"P040031346","AJBSMBD"
"P040031346","AJBSMBE"
"P040031346","AJBSMBF"
"P040031346","AJBSMBG"
"P040031346","AJBSMBH"
"P040031346","AJBSMBI"
"P040031346","AJBSMBJ"
"P040031346","AJBSMBK"
"P040031346","AJBSMBL"
"P040031346","AJBSMBM"
"P040031346","AJBSMBN"
"P040031346","AJBSMBO"
"P040031346","AJBSMBP"
"P040031346","AJBSMBQ"
"P040031346","AJBSMBR"
"P040031346","AJBSMBS"
"P040031346","AJBSMBT"
"P040031346","AJBSMBU"
"P040031346","AJBSMBV"
"P040031346","AJBSMBW"
"P040031346","AJBSMBX"
"P040031346","AJBSMBY"
"P040031346","AJBSMBZ"
"P040031346","AJBSMCA"
"P040031346","AJBSMCB"
"P040031346","AJBSMCC"
"P040031346","AJBSMCD"
"P040031346","AJBSMCE"
"P040031346","AJBSMCF"
"P040031346","AJBSMCG"
"P040031346","AJBSMCH"
"P040031346","AJBSMCI"
"P040031346","AJBSMCJ"
"P040031346","AJBSMCK"
"P040031346","AJBSMCL"
"P040031346","AJBSMCM"
"P040031346","AJBSMCN"
"P040031346","AJBSMCO"
"P040031346","AJBSMCP"
"P040031346","AJBSMCQ"
"P040031346","AJBSMCR"
"P040031346","AJBSMCS"
"P040031346","AJBSMCT"
"P040031346","AJBSMCU"
"P040031346","AJBSMCV"
"P040031346","AJBSMCW"
"P040031346","AJBSMCX"
"P040031346","AJBSMCY"
"P040031346","AJBSMCZ"
"P040031346","AJBSMDA"
"P040031346","AJBSMFF"
"P040031346","AJBSMFG"
"P040031346","AJBSMFH"
"P040031346","AJBSMFI"
"P040031346","AJBSMFJ"
"P040031346","AJBSMFK"
"P040031346","AJBSMFL"
"P040031346","AJBSMFM"
"P040031346","AJBSMFN"
"P040031346","AJBSMFO"
"P040031346","AJBSMFP"
"P040031346","AJBSMFQ"
"P040031346","AJBSMFR"
"P040031346","AJBSMFS"
"P040031346","AJBSMFT"
"P040031346","AJBSMFU"
"P040031346","AJBSMFV"
"P040031346","AJBSMFW"
"P040031346","AJBSMFX"
"P040031356","AJCDZMO"
"P040031356","AJCDZMP"
"P040031356","AJCFBFT"
"P040031356","AJCFBFU"
"P040031356","AJCFBFV"
"P040031356","AJCFBFW"
"P040031356","AJCFBFX"
"P040031356","AJCFBFY"
"P040031356","AJCFBFZ"
"P040031356","AJCFBGA"
"P040031356","AJCFBGB"
"P040031356","AJCFBGC"
"P040031356","AJCFBGD"
"P040031356","AJCFBGE"
"P040031356","AJCFBGF"
"P040031356","AJCFBGG"
"P040031356","AJCFBGH"
"P040031356","AJCFBGI"
"P040031356","AJCFBGJ"
"P040031356","AJCFBGK"
"P040031356","AJCFBGL"
"P040031356","AJCFBGM"
"P040031356","AJCFBGN"
"P040031356","AJCFBGO"
"P040031356","AJCFBGP"
"P040031356","AJCFBGQ"
"P040031356","AJCFBGR"
"P040031356","AJCFBGS"
"P040031356","AJCFBGT"
"P040031356","AJCFBGU"
"P040031356","AJCFBGV"
"P040031356","AJCFBGW"
"P040031356","AJCFBGX"
"P040031356","AJCFBGY"
"P040031356","AJCFBGZ"
"P040031356","AJCFBHA"
"P040031356","AJCFBHB"
"P040031356","AJCFBHC"
"P040031356","AJCFBHD"
"P040031356","AJCFBKF"
"P040031356","AJCFBKG"
"P040031356","AJDGZFF"
"P040031356","AJDGZFG"
"P040031356","AJDGZFH"
"P040031356","AJDGZFI"
"P040031356","AJDGZFJ"
"P040031356","AJDGZFK"
"P040031356","AJDGZFL"
"P040031356","AJDGZFM"
"P040031356","AJDGZFN"
"P040031356","AJDGZFO"
"P040031356","AJDGZFR"
"P040031356","AJDGZFU"
"P040031356","AJDGZFV"
"P040031356","AJDGZFW"
"P040031356","AJDGZFX"
"P040031356","AJDGZFY"
"P040031356","AJDGZFZ"
"P040031356","AJDGZGE"
"P040031356","AJDGZGF"
"P040031356","AJDGZGG"
"P040031356","AJDGZGH"
"P040031356","AJDGZGI"
"P040031356","AJDGZGJ"
"P040031356","AJDGZGK"
"P040031356","AJDGZGM"
"P040031356","AJDGZGN"
"P040031356","AJDGZGO"
"P040031356","AJDGZGP"
"P040031356","AJDGZGR"
"P040031356","AJDGZGS"
"P040031356","AJDGZGT"
"P040031356","AJDGZGV"
"P040031356","AJDGZGW"
"P040031356","AJDGZGX"
"P040031356","AJDGZGY"
"P040031356","AJDGZHM"
"P040031356","AJDGZHN"
"P040031356","AJDGZHZ"
"P040031356","AJDGZJA"
"P040031356","AJDGZJB"
"P040031356","AJDGZJE"
"P040031356","AJDGZJF"
"P040031356","AJDGZJG"
"P040031356","AJDGZJH"
"P040031356","AJDGZJI"
"P040031356","AJDGZJJ"
"P040031356","AJDGZJK"
"P040031356","AJDGZJL"
"P040031356","AJDGZJM"
"P040031356","AJDGZJN"
"P040031356","AJDGZJO"
"P040031356","AJDGZJP"
"P040031356","AJDGZJQ"
"P040031356","AJDGZJR"
"P040031356","AJDGZJS"
"P040031356","AJDGZJT"
"P040031356","AJDGZJU"
"P040031356","AJDGZJV"
"P040031356","AJDGZKA"
"P040031356","AJDGZKB"
"P040031356","AJDGZKC"
"P040031356","AJDGZKJ"
"P040031356","AJDGZKK"
"P040031356","AJDGZKL"
"P040031356","AJDGZKQ"
"P040031356","AJDGZKR"
"P040031356","AJDGZKS"
"P040031356","AJDGZKT"
"P040031356","AJDGZKV"
"P040031356","AJDGZKW"
"P040031356","AJDGZLI"
"P040031356","AJDGZLK"
"P040031356","AJDGZLL"
"P040031356","AJDGZLN"
"P040031356","AJDGZLO"
"P040031356","AJDGZLP"
"P040031356","AJDGZLQ"
"P040031356","AJDGZLR"
"P040031356","AJDGZLS"
"P040031356","AJDGZLT"
"P040031356","AJDGZLU"
"P040031356","AJDGZLV"
"P040031356","AJDGZLW"
"P040031356","AJDGZLX"
"P040031356","AJDGZLY"
"P040031356","AJDGZLZ"
"P040031356","AJDGZMA"
"P040031356","AJDGZMB"
"P040031356","AJDGZMC"
"P040031356","AJDGZMD"
"P040031356","AJDGZME"
"P040031356","AJDGZMF"
"P040031356","AJDGZMG"
"P040031356","AJDGZMH"
"P040031356","AJDGZMI"
"P040031369","AJCYQSP"
"P040031369","AJCYQSQ"
"P040031369","AJCYQSR"
"P040031369","AJCYQSS"
"P040031369","AJCYQST"
"P040031369","AJCYQSU"
"P040031369","AJCYQSV"
"P040031369","AJCYQSW"
"P040031369","AJCYQSX"
"P040031369","AJCYQTC"
"P040031369","AJCYQTD"
"P040031369","AJCYQTE"
"P040031369","AJCYQTF"
"P040031369","AJCYQTG"
"P040031369","AJCYQTH"
"P040031369","AJCYQTI"
"P040031369","AJCYQTJ"
"P040031369","AJCYQTK"
"P040031369","AJCYQTL"
"P040031369","AJCYQTM"
"P040031369","AJCYQTN"
"P040031369","AJCYQTO"
"P040031369","AJCYQTP"
"P040031369","AJCYQTQ"
"P040031369","AJCYQTR"
"P040031369","AJCYQTS"
"P040031369","AJCYQTT"
"P040031369","AJCYQTU"
"P040031369","AJCYQTV"
"P040031369","AJCYQTW"
"P040031369","AJCYQTX"
"P040031369","AJCYQTY"
"P040031369","AJCYQTZ"
"P040031369","AJCYQVA"
"P040031369","AJCYQVB"
"P040031369","AJCYQVC"
"P040031369","AJCYQVD"
"P040031369","AJCYSWZ"
"P040031381","AJDGMQG"
"P040031381","AJDGMQH"
"P040031381","AJDGMQI"
"P040031381","AJDGMQJ"
"P040031381","AJDGMQK"
"P040031381","AJDGMQL"
"P040031381","AJDGMQM"
"P040031381","AJDGMQN"
"P040031381","AJDGMRA"
"P040031381","AJDGMRG"
"P040031381","AJDGMRI"
"P040031381","AJDGMRN"
"P040031381","AJDGMRO"
"P040031381","AJDGMRP"
"P040031381","AJDGMRQ"
"P040031381","AJDGMRR"
"P040031381","AJDGMRS"
"P040031381","AJDGMRT"
"P040031381","AJDGMRU"
"P040031381","AJDGMRV"
"P040031381","AJDGMRW"
"P040031381","AJDGMRX"
"P040031381","AJDGMRY"
"P040031381","AJDGMRZ"
"P040031381","AJDGMVA"
"P040031381","AJDGMVB"
"P040031381","AJDGMVC"
"P040031381","AJDGMVD"
"P040031381","AJDGMVE"
"P040031381","AJDGMVF"
"P040031381","AJDGMVG"
"P040031381","AJDGMVH"
"P040031381","AJDGMVI"
"P040031381","AJDGMVJ"
"P040031381","AJDGMVK"
"P040031381","AJDGMVL"
"P040031381","AJDGMVM"
"P040031395","AJDTVMI"
"P040031395","AJDTVMJ"
"P040031395","AJDTVMK"
"P040031395","AJDTVML"
"P040031395","AJDTVMQ"
"P040031395","AJDTVMR"
"P040031395","AJDTVMS"
"P040031395","AJDTVMT"
"P040031395","AJDTVMV"
"P040031395","AJDTVMX"
"P040031395","AJDTVMZ"
"P040031395","AJDTVNA"
"P040031395","AJDTVNB"
"P040031395","AJDTVNC"
"P040031395","AJDTVND"
"P040031395","AJDTVNE"
"P040031395","AJDTVNF"
"P040031395","AJDTVNG"
"P040031395","AJDTVNH"
"P040031395","AJDTVNI"
"P040031395","AJDTVNJ"
"P040031395","AJDTVNK"
"P040031395","AJDTVNL"
"P040031395","AJDTVNM"
"P040031395","AJDTVNN"
"P040031395","AJDTVNO"
"P040031395","AJDTVNP"
"P040031395","AJDTVNQ"
"P040031395","AJDTVNR"
"P040031395","AJDTVNS"
"P040031395","AJDTVNT"
"P040031395","AJDTVNU"
"P040031395","AJDTVNV"
"P040031395","AJDTVNW"
"P040031395","AJDTVNX"
"P040031395","AJDTVNY"
"P040031395","AJDTVNZ"
"P040031395","AJDTXDB"
"P050031046","AHQSXDH"
"P050031046","AHQSXDJ"
"P050031046","AHQSXDK"
"P050031046","AHQSXDL"
"P050031046","AHQSXDM"
"P050031046","AHQSXDN"
"P050031046","AHQSXDO"
"P050031046","AHQSXDP"
"P050031046","AHQSXDQ"
"P050031046","AHQSXDR"
"P050031046","AHQSXDS"
"P050031046","AHQSXDT"
"P050031046","AHQSXDU"
"P050031046","AHQSXYG"
"P050031046","AHQSXYH"
"P050031046","AHQSXYI"
"P050031046","AHQSXYJ"
"P050031046","AHQSXYK"
"P050031046","AHQSXYL"
"P050031046","AHQSXYM"
"P050031046","AHQSXYN"
"P050031046","AHQSXYO"
"P050031046","AHQSXYP"
"P050031046","AHQSXYQ"
"P050031046","AHQSYLQ"
"P050031046","AHQSYLR"
"P050031046","AHQSYLS"
"P050031046","AHQSYLT"
"P050031046","AHQSYLU"
"P050031046","AHQSYLV"
"P050031046","AHQSYLW"
"P050031046","AHQSYLX"
"P050031046","AHQSYLY"
"P050031046","AHQSYLZ"
"P050031046","AHQSYMA"
"P050031046","AHQSYMC"
"P050031046","AHQSYMD"
"P050031055","AHRBFFJ"
"P050031055","AHRBFFK"
"P050031055","AHRBFFL"
"P050031055","AHRBFFM"
"P050031055","AHRBFFO"
"P050031055","AHRBFFP"
"P050031055","AHRBFFQ"
"P050031055","AHRBFFR"
"P050031055","AHRBFFS"
"P050031055","AHRBFGI"
"P050031055","AHRBFGU"
"P050031055","AHRBFGX"
"P050031055","AHRBFGY"
"P050031055","AHRBFGZ"
"P050031055","AHRBFHA"
"P050031055","AHRBFHB"
"P050031055","AHRBFHC"
"P050031055","AHRBFHD"
"P050031055","AHRBFHE"
"P050031055","AHRBFHF"
"P050031055","AHRBFHG"
"P050031055","AHRBFHH"
"P050031055","AHRBFHI"
"P050031055","AHRBFHJ"
"P050031055","AHRBFHK"
"P050031055","AHRBFHL"
"P050031055","AHRBFHM"
"P050031055","AHRBFHN"
"P050031055","AHRBFHO"
"P050031055","AHRBFHP"
"P050031055","AHRBFHQ"
"P050031055","AHRBFHR"
"P050031055","AHRBFHS"
"P050031055","AHRBFHT"
"P050031055","AHRBFHU"
"P050031055","AHRBFHV"
"P050031055","AHRBFHW"
"P050031055","AHRBFMN"
"P050031055","AHRBFMO"
"P120031482","AJYGXKZ"
"P120031482","AJYGXLA"
"P120031482","AJYGXLB"
"P120031482","AJYGXLC"
"P120031482","AJYGXLD"
"P120031482","AJYGXLE"
"P120031482","AJYGXLF"
"P120031482","AJYGXLG"
"P120031482","AJYGXLH"
"P620031797","AJYGWMV"
"P620031797","AJYGWMW"
"P620031797","AJYGWMX"
"P620031797","AJYGWMY"
"P730031704","AJYGVYY"
"P730031704","AJYGWLK"
"P75FY31822","AJQFSGO"
"P75FY31822","AJQFSGP"
"P75FY31822","AJQFSGS"
"P75FY31822","AJQFSGT"
"P75FY31822","AJQFSGU"
"P910031788","AJYGWMT"
"P910031788","AJYGWMU"
